{"state_names": ["r"], "scores_per_horizon": {"1": {"nrmse": [0.005155099725995066]}, "2": {"nrmse": [0.005152433586326483]}, "3": {"nrmse": [0.005156086418135214]}, "4": {"nrmse": [0.00515066481828681]}, "5": {"nrmse": [0.005153835905175113]}, "6": {"nrmse": [0.005149466164227481]}, "7": {"nrmse": [0.0051498902301724625]}, "8": {"nrmse": [0.005151304177037051]}, "9": {"nrmse": [0.005150096162975849]}, "10": {"nrmse": [0.005150564915729762]}, "11": {"nrmse": [0.005153409233413963]}, "12": {"nrmse": [0.005157730528277943]}, "13": {"nrmse": [0.005162455506931278]}, "14": {"nrmse": [0.005164791828726632]}, "15": {"nrmse": [0.005166251125528313]}, "16": {"nrmse": [0.005166834512966122]}, "17": {"nrmse": [0.00516939300579994]}, "18": {"nrmse": [0.005172499670152762]}, "19": {"nrmse": [0.0051736244456410015]}, "20": {"nrmse": [0.005173092035217035]}, "21": {"nrmse": [0.005171552311594824]}, "22": {"nrmse": [0.0051722554070044915]}, "23": {"nrmse": [0.005172284709966042]}, "24": {"nrmse": [0.005172542765127651]}, "25": {"nrmse": [0.005173583832843908]}, "26": {"nrmse": [0.005174564871741547]}, "27": {"nrmse": [0.005177047533147078]}, "28": {"nrmse": [0.005181019381706375]}, "29": {"nrmse": [0.005186007012857677]}, "30": {"nrmse": [0.005190814421807502]}, "31": {"nrmse": [0.005196102459834115]}, "32": {"nrmse": [0.005200940410954081]}, "33": {"nrmse": [0.005204529481467193]}, "34": {"nrmse": [0.005207866618929492]}, "35": {"nrmse": [0.005211830252852233]}, "36": {"nrmse": [0.005216150563266516]}, "37": {"nrmse": [0.005220037637187764]}, "38": {"nrmse": [0.005224163458859103]}, "39": {"nrmse": [0.005227721475717264]}, "40": {"nrmse": [0.005231162277837545]}, "41": {"nrmse": [0.005234034531911511]}, "42": {"nrmse": [0.005237028654443533]}, "43": {"nrmse": [0.00523960135831719]}, "44": {"nrmse": [0.0052429174076222985]}, "45": {"nrmse": [0.005246576989854602]}, "46": {"nrmse": [0.005250221379202138]}, "47": {"nrmse": [0.005252552197498009]}, "48": {"nrmse": [0.005255016894872028]}, "49": {"nrmse": [0.0052574270530367844]}, "50": {"nrmse": [0.005259125334983514]}, "51": {"nrmse": [0.005261062569225707]}, "52": {"nrmse": [0.005262546568492551]}, "53": {"nrmse": [0.005263723911197567]}, "54": {"nrmse": [0.005264932913613803]}, "55": {"nrmse": [0.005266441202017281]}, "56": {"nrmse": [0.005268215904821584]}, "57": {"nrmse": [0.005269107283311068]}, "58": {"nrmse": [0.005269218178780343]}, "59": {"nrmse": [0.005269416078389381]}, "60": {"nrmse": [0.0052690448026790175]}}}