{"state_names": ["r"], "scores_per_horizon": {"1": {"nrmse": [0.01667149316288485]}, "2": {"nrmse": [0.016070023765187784]}, "3": {"nrmse": [0.015734244588150724]}, "4": {"nrmse": [0.015523984535982898]}, "5": {"nrmse": [0.015406717825552124]}, "6": {"nrmse": [0.015305492658513388]}, "7": {"nrmse": [0.015213423158295526]}, "8": {"nrmse": [0.015111782508288946]}, "9": {"nrmse": [0.015034338242615262]}, "10": {"nrmse": [0.014990345869941689]}, "11": {"nrmse": [0.014959865158206725]}, "12": {"nrmse": [0.014932259609745743]}, "13": {"nrmse": [0.014896429707165492]}, "14": {"nrmse": [0.014842326101713689]}, "15": {"nrmse": [0.014822805286280724]}, "16": {"nrmse": [0.014815626548004529]}, "17": {"nrmse": [0.014803774298205404]}, "18": {"nrmse": [0.014796768568852795]}, "19": {"nrmse": [0.014794741319970618]}, "20": {"nrmse": [0.014789767782543206]}, "21": {"nrmse": [0.014771923767977356]}, "22": {"nrmse": [0.014749957917652188]}, "23": {"nrmse": [0.014712409060672317]}, "24": {"nrmse": [0.014673779295093973]}, "25": {"nrmse": [0.014623236586790319]}, "26": {"nrmse": [0.014583562040878795]}, "27": {"nrmse": [0.014550389879054772]}, "28": {"nrmse": [0.01451822628156028]}, "29": {"nrmse": [0.014474670638856543]}, "30": {"nrmse": [0.01444265318884065]}, "31": {"nrmse": [0.014413505975763869]}, "32": {"nrmse": [0.014383312159403392]}, "33": {"nrmse": [0.014354012266744962]}, "34": {"nrmse": [0.014326214298775862]}, "35": {"nrmse": [0.014299555004456581]}, "36": {"nrmse": [0.014277161305232228]}, "37": {"nrmse": [0.014241208610414516]}, "38": {"nrmse": [0.014212550066184578]}, "39": {"nrmse": [0.01418437265921062]}, "40": {"nrmse": [0.014145813443039217]}, "41": {"nrmse": [0.014187892853005925]}, "42": {"nrmse": [0.014220716295172915]}, "43": {"nrmse": [0.014251206378644549]}, "44": {"nrmse": [0.014274501272184534]}, "45": {"nrmse": [0.014298875344533012]}, "46": {"nrmse": [0.014319800892208887]}, "47": {"nrmse": [0.014331857807728306]}, "48": {"nrmse": [0.01433871217274605]}, "49": {"nrmse": [0.014346859085208828]}, "50": {"nrmse": [0.014362274754758179]}, "51": {"nrmse": [0.014372752942189445]}, "52": {"nrmse": [0.01438138711347505]}, "53": {"nrmse": [0.014390960983184075]}, "54": {"nrmse": [0.014392037054523778]}, "55": {"nrmse": [0.014391540733800837]}, "56": {"nrmse": [0.01439208068303703]}, "57": {"nrmse": [0.01439971145634922]}, "58": {"nrmse": [0.014405833816475646]}, "59": {"nrmse": [0.01440955150272426]}, "60": {"nrmse": [0.014409482103547038]}}}