{"state_names": ["r"], "scores_per_horizon": {"1": {"nrmse": [0.005239779815118665]}, "2": {"nrmse": [0.005131698197834257]}, "3": {"nrmse": [0.00511950645990987]}, "4": {"nrmse": [0.005113773994843886]}, "5": {"nrmse": [0.005118443168360116]}, "6": {"nrmse": [0.005116543563859138]}, "7": {"nrmse": [0.005119052319910754]}, "8": {"nrmse": [0.005122569845487896]}, "9": {"nrmse": [0.005123202818725493]}, "10": {"nrmse": [0.00512526687429552]}, "11": {"nrmse": [0.005129745104284655]}, "12": {"nrmse": [0.005135485631414889]}, "13": {"nrmse": [0.005141862607092039]}, "14": {"nrmse": [0.00514552201416651]}, "15": {"nrmse": [0.0051481331388727744]}, "16": {"nrmse": [0.0051497970553060195]}, "17": {"nrmse": [0.00515348816498985]}, "18": {"nrmse": [0.005157524107543712]}, "19": {"nrmse": [0.00515942532105219]}, "20": {"nrmse": [0.005159779065672509]}, "21": {"nrmse": [0.005158914769202985]}, "22": {"nrmse": [0.005160128559612967]}, "23": {"nrmse": [0.005160684434979662]}, "24": {"nrmse": [0.005161591759023664]}, "25": {"nrmse": [0.00516310539839512]}, "26": {"nrmse": [0.005164510570359624]}, "27": {"nrmse": [0.005167312614523553]}, "28": {"nrmse": [0.00517169545871195]}, "29": {"nrmse": [0.005176990527185598]}, "30": {"nrmse": [0.005181962072075647]}, "31": {"nrmse": [0.005187560725516997]}, "32": {"nrmse": [0.0051927054704663115]}, "33": {"nrmse": [0.005196558816524223]}, "34": {"nrmse": [0.005200075871827786]}, "35": {"nrmse": [0.005204252851305777]}, "36": {"nrmse": [0.005208787609143249]}, "37": {"nrmse": [0.005212920554457327]}, "38": {"nrmse": [0.005217383097379824]}, "39": {"nrmse": [0.005221333043783607]}, "40": {"nrmse": [0.00522508145780926]}, "41": {"nrmse": [0.005289651865926929]}, "42": {"nrmse": [0.005350652389230531]}, "43": {"nrmse": [0.005408319116294512]}, "44": {"nrmse": [0.005464256615117376]}, "45": {"nrmse": [0.005517488797233874]}, "46": {"nrmse": [0.005567934833252025]}, "47": {"nrmse": [0.005614301762236788]}, "48": {"nrmse": [0.005658756798217293]}, "49": {"nrmse": [0.005701486020251896]}, "50": {"nrmse": [0.005741312491121336]}, "51": {"nrmse": [0.005779918095496991]}, "52": {"nrmse": [0.005816454004754499]}, "53": {"nrmse": [0.005851233918042306]}, "54": {"nrmse": [0.005884729136595806]}, "55": {"nrmse": [0.005917246244466224]}, "56": {"nrmse": [0.005948570205951323]}, "57": {"nrmse": [0.005977921987669133]}, "58": {"nrmse": [0.006005152743594521]}, "59": {"nrmse": [0.006031454205761278]}, "60": {"nrmse": [0.006056319836145321]}}}