{"state_names": ["r"], "scores_per_horizon": {"1": {"nrmse": [0.00514226007389064]}, "2": {"nrmse": [0.00513955959107595]}, "3": {"nrmse": [0.005143196511841205]}, "4": {"nrmse": [0.005137755151996194]}, "5": {"nrmse": [0.005140980195287068]}, "6": {"nrmse": [0.0051365944204195485]}, "7": {"nrmse": [0.005136998598227432]}, "8": {"nrmse": [0.005138355250538337]}, "9": {"nrmse": [0.0051370463727774705]}, "10": {"nrmse": [0.00513741304030489]}, "11": {"nrmse": [0.0051402085062296505]}, "12": {"nrmse": [0.005144503856475023]}, "13": {"nrmse": [0.005149196329923727]}, "14": {"nrmse": [0.005151510064766368]}, "15": {"nrmse": [0.005152989999902235]}, "16": {"nrmse": [0.005153577560396209]}, "17": {"nrmse": [0.00515614750265663]}, "18": {"nrmse": [0.005159240785922129]}, "19": {"nrmse": [0.0051603534370411284]}, "20": {"nrmse": [0.005159820159901218]}, "21": {"nrmse": [0.0051582896711873]}, "22": {"nrmse": [0.005158989020354454]}, "23": {"nrmse": [0.0051590170428779305]}, "24": {"nrmse": [0.005159276140776755]}, "25": {"nrmse": [0.00516032050222686]}, "26": {"nrmse": [0.005161298869088746]}, "27": {"nrmse": [0.005163786361237444]}, "28": {"nrmse": [0.0051677609181175685]}, "29": {"nrmse": [0.005172744540562194]}, "30": {"nrmse": [0.005177560683776004]}, "31": {"nrmse": [0.0051828533404538]}, "32": {"nrmse": [0.005187684341760555]}, "33": {"nrmse": [0.005191262601196605]}, "34": {"nrmse": [0.0051945853869376805]}, "35": {"nrmse": [0.005198546253838528]}, "36": {"nrmse": [0.005202856517597593]}, "37": {"nrmse": [0.005206733198121476]}, "38": {"nrmse": [0.0052108503356613515]}, "39": {"nrmse": [0.005214380557134263]}, "40": {"nrmse": [0.005217787288874284]}, "41": {"nrmse": [0.0052206290351548635]}, "42": {"nrmse": [0.005223601982603372]}, "43": {"nrmse": [0.005226169473442469]}, "44": {"nrmse": [0.005229474842539533]}, "45": {"nrmse": [0.005233133443371101]}, "46": {"nrmse": [0.005236802197416542]}, "47": {"nrmse": [0.0052391560816358335]}, "48": {"nrmse": [0.005241639969999086]}, "49": {"nrmse": [0.005244057200777457]}, "50": {"nrmse": [0.005245764526754884]}, "51": {"nrmse": [0.005247708034904393]}, "52": {"nrmse": [0.005249201415065106]}, "53": {"nrmse": [0.005250384937257674]}, "54": {"nrmse": [0.005251593369169531]}, "55": {"nrmse": [0.005253101791787517]}, "56": {"nrmse": [0.005254875247751091]}, "57": {"nrmse": [0.0052557656518036865]}, "58": {"nrmse": [0.0052558798750888406]}, "59": {"nrmse": [0.0052560838246328645]}, "60": {"nrmse": [0.005255699460301168]}}}