{"state_names": ["r"], "scores_per_horizon": {"1": {"nrmse": [0.005153235900254119]}, "2": {"nrmse": [0.005150601697065372]}, "3": {"nrmse": [0.005154106137527054]}, "4": {"nrmse": [0.005148643172390669]}, "5": {"nrmse": [0.005151753894154293]}, "6": {"nrmse": [0.005147402873020807]}, "7": {"nrmse": [0.005147886444094241]}, "8": {"nrmse": [0.005149282588444414]}, "9": {"nrmse": [0.005148024697116983]}, "10": {"nrmse": [0.005148435131756219]}, "11": {"nrmse": [0.005151233951102158]}, "12": {"nrmse": [0.005155505579229782]}, "13": {"nrmse": [0.005160236921265449]}, "14": {"nrmse": [0.005162575539986549]}, "15": {"nrmse": [0.005164083647267203]}, "16": {"nrmse": [0.005164668951397597]}, "17": {"nrmse": [0.005167261577752563]}, "18": {"nrmse": [0.005170368548408208]}, "19": {"nrmse": [0.005171496023041809]}, "20": {"nrmse": [0.005170996147869783]}, "21": {"nrmse": [0.005169452926996924]}, "22": {"nrmse": [0.005170106997335892]}, "23": {"nrmse": [0.005170115542312442]}, "24": {"nrmse": [0.00517036076620867]}, "25": {"nrmse": [0.005171407543906221]}, "26": {"nrmse": [0.005172384065801417]}, "27": {"nrmse": [0.005174869819325949]}, "28": {"nrmse": [0.005178854253668783]}, "29": {"nrmse": [0.005183842544236764]}, "30": {"nrmse": [0.0051886474939653576]}, "31": {"nrmse": [0.0051939591578651426]}, "32": {"nrmse": [0.005198813115010255]}, "33": {"nrmse": [0.0052024055884076345]}, "34": {"nrmse": [0.0052057451197825766]}, "35": {"nrmse": [0.005209718520670118]}, "36": {"nrmse": [0.005214037131988376]}, "37": {"nrmse": [0.005217918870341128]}, "38": {"nrmse": [0.005222072293875753]}, "39": {"nrmse": [0.005225649452244161]}, "40": {"nrmse": [0.005229102388887003]}, "41": {"nrmse": [0.00523199167699701]}, "42": {"nrmse": [0.0052350212801285335]}, "43": {"nrmse": [0.005237647705180827]}, "44": {"nrmse": [0.005240990286138679]}, "45": {"nrmse": [0.00524466462276329]}, "46": {"nrmse": [0.005248338874060402]}, "47": {"nrmse": [0.005250717505724092]}, "48": {"nrmse": [0.005253225610719399]}, "49": {"nrmse": [0.0052556550375578845]}, "50": {"nrmse": [0.005257389268228285]}, "51": {"nrmse": [0.0052593562037160585]}, "52": {"nrmse": [0.005260872196666718]}, "53": {"nrmse": [0.00526207200604505]}, "54": {"nrmse": [0.00526330015133781]}, "55": {"nrmse": [0.005264836034854919]}, "56": {"nrmse": [0.005266638428933654]}, "57": {"nrmse": [0.005267565093786951]}, "58": {"nrmse": [0.005267731655243591]}, "59": {"nrmse": [0.00526799487401692]}, "60": {"nrmse": [0.0052676644401738835]}}}