{"state_names": ["r"], "scores_per_horizon": {"1": {"nrmse": [0.005173983825156031]}, "2": {"nrmse": [0.005171813395447891]}, "3": {"nrmse": [0.005176940584933123]}, "4": {"nrmse": [0.005172945576981647]}, "5": {"nrmse": [0.005176025724765453]}, "6": {"nrmse": [0.005171771925812479]}, "7": {"nrmse": [0.005171832855168794]}, "8": {"nrmse": [0.005173154952533301]}, "9": {"nrmse": [0.00517182376622449]}, "10": {"nrmse": [0.005172118197396304]}, "11": {"nrmse": [0.005175055099654983]}, "12": {"nrmse": [0.00517940314601527]}, "13": {"nrmse": [0.0051845026345701374]}, "14": {"nrmse": [0.005187033373473315]}, "15": {"nrmse": [0.005188623861141297]}, "16": {"nrmse": [0.0051893634904927755]}, "17": {"nrmse": [0.005192171558627623]}, "18": {"nrmse": [0.005195364804693813]}, "19": {"nrmse": [0.005196519429388291]}, "20": {"nrmse": [0.005196189168296613]}, "21": {"nrmse": [0.005194763674972958]}, "22": {"nrmse": [0.005195462508981838]}, "23": {"nrmse": [0.005195525938933302]}, "24": {"nrmse": [0.005195946593163923]}, "25": {"nrmse": [0.0051969676765366065]}, "26": {"nrmse": [0.005197927002000589]}, "27": {"nrmse": [0.005200293742588162]}, "28": {"nrmse": [0.005204213985168201]}, "29": {"nrmse": [0.005209064981370956]}, "30": {"nrmse": [0.005213609069308286]}, "31": {"nrmse": [0.0052187620743049095]}, "32": {"nrmse": [0.005223492473740141]}, "33": {"nrmse": [0.005226969535074994]}, "34": {"nrmse": [0.005230148938657128]}, "35": {"nrmse": [0.005234027221960936]}, "36": {"nrmse": [0.005238267253358658]}, "37": {"nrmse": [0.005242110848423657]}, "38": {"nrmse": [0.005246279239359165]}, "39": {"nrmse": [0.005249954579261858]}, "40": {"nrmse": [0.005253451747540923]}, "41": {"nrmse": [0.00531697731525371]}, "42": {"nrmse": [0.00537700765276221]}, "43": {"nrmse": [0.005433771164128884]}, "44": {"nrmse": [0.005488855750237193]}, "45": {"nrmse": [0.005541289374443473]}, "46": {"nrmse": [0.005590987424806359]}, "47": {"nrmse": [0.005636663811932007]}, "48": {"nrmse": [0.0056804666689518465]}, "49": {"nrmse": [0.005722579062638064]}, "50": {"nrmse": [0.005761829207238164]}, "51": {"nrmse": [0.005799885888739289]}, "52": {"nrmse": [0.005835903901110451]}, "53": {"nrmse": [0.005870193524272351]}, "54": {"nrmse": [0.005903221833788791]}, "55": {"nrmse": [0.005935292093320635]}, "56": {"nrmse": [0.00596618976745725]}, "57": {"nrmse": [0.005995139054730064]}, "58": {"nrmse": [0.006021990726803301]}, "59": {"nrmse": [0.006047928993729892]}, "60": {"nrmse": [0.0060724499901821305]}}}