{"state_names": ["r"], "scores_per_horizon": {"1": {"nrmse": [0.005237406813011111]}, "2": {"nrmse": [0.005164206773239484]}, "3": {"nrmse": [0.00515758031377652]}, "4": {"nrmse": [0.005152346739468871]}, "5": {"nrmse": [0.005156300700690849]}, "6": {"nrmse": [0.005153288854766806]}, "7": {"nrmse": [0.00515457877743412]}, "8": {"nrmse": [0.00515702582991942]}, "9": {"nrmse": [0.005156671610691414]}, "10": {"nrmse": [0.005157837549923706]}, "11": {"nrmse": [0.005161522248370101]}, "12": {"nrmse": [0.0051665334274649186]}, "13": {"nrmse": [0.005172211245413718]}, "14": {"nrmse": [0.005175249755021482]}, "15": {"nrmse": [0.005177281023756642]}, "16": {"nrmse": [0.005178414202255118]}, "17": {"nrmse": [0.005181575031623957]}, "18": {"nrmse": [0.005185109224730887]}, "19": {"nrmse": [0.005186561120139074]}, "20": {"nrmse": [0.005186483448936499]}, "21": {"nrmse": [0.005185285323903193]}, "22": {"nrmse": [0.005186207122721977]}, "23": {"nrmse": [0.005186464616709998]}, "24": {"nrmse": [0.005187071884565379]}, "25": {"nrmse": [0.005188262043197637]}, "26": {"nrmse": [0.005189377430177949]}, "27": {"nrmse": [0.005191881657458089]}, "28": {"nrmse": [0.005195934516413135]}, "29": {"nrmse": [0.005200920429044786]}, "30": {"nrmse": [0.005205588994476115]}, "31": {"nrmse": [0.005210853730044586]}, "32": {"nrmse": [0.005215695855960301]}, "33": {"nrmse": [0.005219275360075351]}, "34": {"nrmse": [0.005222558965581913]}, "35": {"nrmse": [0.005226531456747326]}, "36": {"nrmse": [0.005230874358766363]}, "37": {"nrmse": [0.005234814478643576]}, "38": {"nrmse": [0.00523906829969679]}, "39": {"nrmse": [0.005242828315779957]}, "40": {"nrmse": [0.005246412591872562]}, "41": {"nrmse": [0.005310196734434219]}, "42": {"nrmse": [0.005370467228525604]}, "43": {"nrmse": [0.005427454367270157]}, "44": {"nrmse": [0.005482750166758843]}, "45": {"nrmse": [0.005535381580026101]}, "46": {"nrmse": [0.00558526492481411]}, "47": {"nrmse": [0.005631112403464109]}, "48": {"nrmse": [0.005675076869355805]}, "49": {"nrmse": [0.00571734213161543]}, "50": {"nrmse": [0.00575673512491495]}, "51": {"nrmse": [0.005794927877646646]}, "52": {"nrmse": [0.005831074283863737]}, "53": {"nrmse": [0.0058654854686226955]}, "54": {"nrmse": [0.005898629553046367]}, "55": {"nrmse": [0.0059308106224961014]}, "56": {"nrmse": [0.00596181401628239]}, "57": {"nrmse": [0.005990863130432732]}, "58": {"nrmse": [0.006017808830115394]}, "59": {"nrmse": [0.006043837189523239]}, "60": {"nrmse": [0.006068443679675601]}}}