{"state_names": ["r"], "scores_per_horizon": {"1": {"nrmse": [0.005140809436130865]}, "2": {"nrmse": [0.00513790065844099]}, "3": {"nrmse": [0.005141431549907299]}, "4": {"nrmse": [0.00513604706455996]}, "5": {"nrmse": [0.005139148313954422]}, "6": {"nrmse": [0.0051348037774177355]}, "7": {"nrmse": [0.005135263941290168]}, "8": {"nrmse": [0.005136698058680628]}, "9": {"nrmse": [0.00513551706769838]}, "10": {"nrmse": [0.005136033085616141]}, "11": {"nrmse": [0.005138903624129269]}, "12": {"nrmse": [0.005143241719237955]}, "13": {"nrmse": [0.005148073372931842]}, "14": {"nrmse": [0.005150503854949317]}, "15": {"nrmse": [0.005152063400612252]}, "16": {"nrmse": [0.005152719776824488]}, "17": {"nrmse": [0.0051553927588284185]}, "18": {"nrmse": [0.005158614852105839]}, "19": {"nrmse": [0.005159836405199355]}, "20": {"nrmse": [0.005159407998127326]}, "21": {"nrmse": [0.005157904604839961]}, "22": {"nrmse": [0.0051586237227488965]}, "23": {"nrmse": [0.00515867580118036]}, "24": {"nrmse": [0.0051590115571928654]}, "25": {"nrmse": [0.005160119261649632]}, "26": {"nrmse": [0.005161145913322235]}, "27": {"nrmse": [0.005163689764582444]}, "28": {"nrmse": [0.005167758296001033]}, "29": {"nrmse": [0.005172829296273534]}, "30": {"nrmse": [0.005177702681971629]}, "31": {"nrmse": [0.005183094864813035]}, "32": {"nrmse": [0.0051880359952018555]}, "33": {"nrmse": [0.005191703814574761]}, "34": {"nrmse": [0.005195118991418731]}, "35": {"nrmse": [0.005199159075641615]}, "36": {"nrmse": [0.0052035630598865346]}, "37": {"nrmse": [0.005207531975916931]}, "38": {"nrmse": [0.005211765215693454]}, "39": {"nrmse": [0.00521543130698689]}, "40": {"nrmse": [0.005218974860182097]}, "41": {"nrmse": [0.0052219463123628265]}, "42": {"nrmse": [0.005225047130477276]}, "43": {"nrmse": [0.005227704836521025]}, "44": {"nrmse": [0.0052310624787959645]}, "45": {"nrmse": [0.00523475686669948]}, "46": {"nrmse": [0.005238403367669968]}, "47": {"nrmse": [0.005240740233472174]}, "48": {"nrmse": [0.005243210742083178]}, "49": {"nrmse": [0.005245607206439007]}, "50": {"nrmse": [0.005247305771536919]}, "51": {"nrmse": [0.005249244227682111]}, "52": {"nrmse": [0.005250722402406925]}, "53": {"nrmse": [0.005251898685320421]}, "54": {"nrmse": [0.0052531099034977165]}, "55": {"nrmse": [0.005254630134001336]}, "56": {"nrmse": [0.005256425032823201]}, "57": {"nrmse": [0.005257340756584548]}, "58": {"nrmse": [0.0052574911439405144]}, "59": {"nrmse": [0.0052577439511868095]}, "60": {"nrmse": [0.005257422243633739]}}}