{"state_names": ["r"], "scores_per_horizon": {"1": {"nrmse": [0.014893218073366628]}, "2": {"nrmse": [0.014941926887688006]}, "3": {"nrmse": [0.014920188953501784]}, "4": {"nrmse": [0.014899719830627307]}, "5": {"nrmse": [0.014909116205414946]}, "6": {"nrmse": [0.014901707796607357]}, "7": {"nrmse": [0.014878520654476646]}, "8": {"nrmse": [0.014827712304223688]}, "9": {"nrmse": [0.014789362154290699]}, "10": {"nrmse": [0.014777835144035039]}, "11": {"nrmse": [0.014773459603477587]}, "12": {"nrmse": [0.014767026879623526]}, "13": {"nrmse": [0.014748999853518735]}, "14": {"nrmse": [0.014709628351191417]}, "15": {"nrmse": [0.0147042223370958]}, "16": {"nrmse": [0.01470960977531102]}, "17": {"nrmse": [0.014708315612583059]}, "18": {"nrmse": [0.014711352135652027]}, "19": {"nrmse": [0.014718269000736821]}, "20": {"nrmse": [0.014721260554052991]}, "21": {"nrmse": [0.01470934495905684]}, "22": {"nrmse": [0.014692469441946307]}, "23": {"nrmse": [0.01465889769656732]}, "24": {"nrmse": [0.014623400421321845]}, "25": {"nrmse": [0.014575146947682178]}, "26": {"nrmse": [0.014536904849514334]}, "27": {"nrmse": [0.01450552906358592]}, "28": {"nrmse": [0.014474474385268204]}, "29": {"nrmse": [0.014431778834828149]}, "30": {"nrmse": [0.01440072427403518]}, "31": {"nrmse": [0.01437254479271214]}, "32": {"nrmse": [0.014343289937314135]}, "33": {"nrmse": [0.01431551555902486]}, "34": {"nrmse": [0.014289265403908749]}, "35": {"nrmse": [0.014264190109999632]}, "36": {"nrmse": [0.014243173341880305]}, "37": {"nrmse": [0.014208198207423384]}, "38": {"nrmse": [0.014180221666696871]}, "39": {"nrmse": [0.014152784130980917]}, "40": {"nrmse": [0.014114928898283528]}, "41": {"nrmse": [0.014157877675027427]}, "42": {"nrmse": [0.014191484973520373]}, "43": {"nrmse": [0.014222725385409987]}, "44": {"nrmse": [0.014246714929173811]}, "45": {"nrmse": [0.014271765882321187]}, "46": {"nrmse": [0.014293371227009312]}, "47": {"nrmse": [0.014306082618864773]}, "48": {"nrmse": [0.014313569776302004]}, "49": {"nrmse": [0.014322323124440109]}, "50": {"nrmse": [0.014338317429362394]}, "51": {"nrmse": [0.01434935775257873]}, "52": {"nrmse": [0.014358526320736949]}, "53": {"nrmse": [0.014368615363104674]}, "54": {"nrmse": [0.014370187386073473]}, "55": {"nrmse": [0.01437015028038477]}, "56": {"nrmse": [0.014371148057965346]}, "57": {"nrmse": [0.01437921720435408]}, "58": {"nrmse": [0.01438576462934759]}, "59": {"nrmse": [0.014389899669686271]}, "60": {"nrmse": [0.01439023474999367]}}}