{"state_names": ["r"], "scores_per_horizon": {"1": {"nrmse": [0.01773693989020877]}, "2": {"nrmse": [0.017850152365998583]}, "3": {"nrmse": [0.017772346072104324]}, "4": {"nrmse": [0.017698866705434555]}, "5": {"nrmse": [0.017673841587036505]}, "6": {"nrmse": [0.0176321560851648]}, "7": {"nrmse": [0.01757900772486275]}, "8": {"nrmse": [0.017498640977241037]}, "9": {"nrmse": [0.01744118341770358]}, "10": {"nrmse": [0.01741368567622587]}, "11": {"nrmse": [0.017395134494028814]}, "12": {"nrmse": [0.017378025646454073]}, "13": {"nrmse": [0.01735328964261401]}, "14": {"nrmse": [0.017305351649292384]}, "15": {"nrmse": [0.017295018265797168]}, "16": {"nrmse": [0.017295203784626567]}, "17": {"nrmse": [0.017292580389718246]}, "18": {"nrmse": [0.017295232234136548]}, "19": {"nrmse": [0.017301413906039738]}, "20": {"nrmse": [0.017304324184801285]}, "21": {"nrmse": [0.01729628003249847]}, "22": {"nrmse": [0.01728231294608015]}, "23": {"nrmse": [0.017250152763175316]}, "24": {"nrmse": [0.01721421826958221]}, "25": {"nrmse": [0.017167687818964744]}, "26": {"nrmse": [0.017133543290992707]}, "27": {"nrmse": [0.017107532917136563]}, "28": {"nrmse": [0.017082240250990397]}, "29": {"nrmse": [0.01704335690349552]}, "30": {"nrmse": [0.01701737152523849]}, "31": {"nrmse": [0.016994488575809978]}, "32": {"nrmse": [0.016969283589601484]}, "33": {"nrmse": [0.016942800792924633]}, "34": {"nrmse": [0.01691847326715247]}, "35": {"nrmse": [0.01689576438057737]}, "36": {"nrmse": [0.01687610254938266]}, "37": {"nrmse": [0.016841122567330898]}, "38": {"nrmse": [0.016814462691303166]}, "39": {"nrmse": [0.016787590284893378]}, "40": {"nrmse": [0.016748684794698494]}, "41": {"nrmse": [0.01672370358159167]}, "42": {"nrmse": [0.016695704874318124]}, "43": {"nrmse": [0.016667709666958224]}, "44": {"nrmse": [0.016636579736033927]}, "45": {"nrmse": [0.01660774023344445]}, "46": {"nrmse": [0.016574982854635843]}, "47": {"nrmse": [0.01653508413413195]}, "48": {"nrmse": [0.016491487135037727]}, "49": {"nrmse": [0.016451145602536566]}, "50": {"nrmse": [0.01642022284077202]}, "51": {"nrmse": [0.01638550494307195]}, "52": {"nrmse": [0.016351036865986848]}, "53": {"nrmse": [0.016318953599096492]}, "54": {"nrmse": [0.016279755599929766]}, "55": {"nrmse": [0.01624186644311882]}, "56": {"nrmse": [0.016205047060912418]}, "57": {"nrmse": [0.016176872599622437]}, "58": {"nrmse": [0.016148187286678415]}, "59": {"nrmse": [0.016117636789410358]}, "60": {"nrmse": [0.016084261382965457]}}}