{"state_names": ["r"], "scores_per_horizon": {"1": {"nrmse": [0.005134225632352901]}, "2": {"nrmse": [0.005131226344069113]}, "3": {"nrmse": [0.005134708734055025]}, "4": {"nrmse": [0.005129304303769153]}, "5": {"nrmse": [0.005132457899175222]}, "6": {"nrmse": [0.005128125169492983]}, "7": {"nrmse": [0.005128608460024094]}, "8": {"nrmse": [0.005130038765632321]}, "9": {"nrmse": [0.0051288419066038374]}, "10": {"nrmse": [0.00512932309953813]}, "11": {"nrmse": [0.005132195447456295]}, "12": {"nrmse": [0.005136546588693976]}, "13": {"nrmse": [0.005141391324973336]}, "14": {"nrmse": [0.00514383810032344]}, "15": {"nrmse": [0.005145438731461465]}, "16": {"nrmse": [0.005146113665305996]}, "17": {"nrmse": [0.005148805477468567]}, "18": {"nrmse": [0.005152025169603886]}, "19": {"nrmse": [0.005153246534694169]}, "20": {"nrmse": [0.005152839907749824]}, "21": {"nrmse": [0.005151357715726517]}, "22": {"nrmse": [0.0051520837114776615]}, "23": {"nrmse": [0.005152156098496347]}, "24": {"nrmse": [0.00515251451040348]}, "25": {"nrmse": [0.005153656048064089]}, "26": {"nrmse": [0.005154709045587917]}, "27": {"nrmse": [0.005157293969738052]}, "28": {"nrmse": [0.0051614059438710716]}, "29": {"nrmse": [0.005166507828983967]}, "30": {"nrmse": [0.0051714233159899465]}, "31": {"nrmse": [0.005176866400487597]}, "32": {"nrmse": [0.005181838245638438]}, "33": {"nrmse": [0.0051855333755064185]}, "34": {"nrmse": [0.005188974710840298]}, "35": {"nrmse": [0.005193052733718662]}, "36": {"nrmse": [0.005197476616244803]}, "37": {"nrmse": [0.005201464319096995]}, "38": {"nrmse": [0.005205718751174835]}, "39": {"nrmse": [0.005209386127360019]}, "40": {"nrmse": [0.00521291487996762]}, "41": {"nrmse": [0.00521587396430678]}, "42": {"nrmse": [0.005218964836202707]}, "43": {"nrmse": [0.005221633326952985]}, "44": {"nrmse": [0.005224985688657641]}, "45": {"nrmse": [0.005228683080318435]}, "46": {"nrmse": [0.005232354178303769]}, "47": {"nrmse": [0.005234717173023827]}, "48": {"nrmse": [0.00523721238648856]}, "49": {"nrmse": [0.005239615962222924]}, "50": {"nrmse": [0.005241328791296388]}, "51": {"nrmse": [0.005243280813128983]}, "52": {"nrmse": [0.005244784143861857]}, "53": {"nrmse": [0.005245983988180896]}, "54": {"nrmse": [0.005247210068089542]}, "55": {"nrmse": [0.005248752186385891]}, "56": {"nrmse": [0.00525056942230602]}, "57": {"nrmse": [0.0052515112888054]}, "58": {"nrmse": [0.005251703549881294]}, "59": {"nrmse": [0.00525200426536014]}, "60": {"nrmse": [0.005251707924206314]}}}