{"state_names": ["r"], "scores_per_horizon": {"1": {"nrmse": [0.005125008354111754]}, "2": {"nrmse": [0.005122044283013229]}, "3": {"nrmse": [0.005125592717241835]}, "4": {"nrmse": [0.005120187624666343]}, "5": {"nrmse": [0.005123368466338846]}, "6": {"nrmse": [0.005118992266968452]}, "7": {"nrmse": [0.005119425004645154]}, "8": {"nrmse": [0.005120809149264967]}, "9": {"nrmse": [0.005119564744813191]}, "10": {"nrmse": [0.005120014606933602]}, "11": {"nrmse": [0.005122859115458759]}, "12": {"nrmse": [0.005127194068470471]}, "13": {"nrmse": [0.005131993455735149]}, "14": {"nrmse": [0.005134394314613493]}, "15": {"nrmse": [0.005135943202297104]}, "16": {"nrmse": [0.005136586379392973]}, "17": {"nrmse": [0.005139232757353326]}, "18": {"nrmse": [0.005142424402127344]}, "19": {"nrmse": [0.005143609663161586]}, "20": {"nrmse": [0.00514314777464476]}, "21": {"nrmse": [0.005141635215163177]}, "22": {"nrmse": [0.005142345916358633]}, "23": {"nrmse": [0.005142380524529065]}, "24": {"nrmse": [0.005142687302045662]}, "25": {"nrmse": [0.005143766580711014]}, "26": {"nrmse": [0.005144767778196181]}, "27": {"nrmse": [0.005147294122473336]}, "28": {"nrmse": [0.005151340080303598]}, "29": {"nrmse": [0.005156389341916825]}, "30": {"nrmse": [0.005161252425406466]}, "31": {"nrmse": [0.005166622943771562]}, "32": {"nrmse": [0.005171538514216111]}, "33": {"nrmse": [0.005175186863716994]}, "34": {"nrmse": [0.005178583980981341]}, "35": {"nrmse": [0.005182612283120129]}, "36": {"nrmse": [0.005186993463362753]}, "37": {"nrmse": [0.00519093792229779]}, "38": {"nrmse": [0.005195137163283186]}, "39": {"nrmse": [0.005198756686096552]}, "40": {"nrmse": [0.0052022512656771935]}, "41": {"nrmse": [0.0052051777093202484]}, "42": {"nrmse": [0.005208234583651505]}, "43": {"nrmse": [0.005210859622106073]}, "44": {"nrmse": [0.005214195152792162]}, "45": {"nrmse": [0.005217875373131863]}, "46": {"nrmse": [0.005221532465414633]}, "47": {"nrmse": [0.005223873919211058]}, "48": {"nrmse": [0.005226347802123204]}, "49": {"nrmse": [0.005228745495656835]}, "50": {"nrmse": [0.005230442573529355]}, "51": {"nrmse": [0.005232376073443918]}, "52": {"nrmse": [0.005233852816465275]}, "53": {"nrmse": [0.00523502558316156]}, "54": {"nrmse": [0.005236228373867041]}, "55": {"nrmse": [0.005237739620276841]}, "56": {"nrmse": [0.005239524107478399]}, "57": {"nrmse": [0.005240424279578637]}, "58": {"nrmse": [0.005240558034167315]}, "59": {"nrmse": [0.005240791284171708]}, "60": {"nrmse": [0.005240439856344015]}}}