{"state_names": ["r"], "scores_per_horizon": {"1": {"nrmse": [0.017802614468474882]}, "2": {"nrmse": [0.017597356189993356]}, "3": {"nrmse": [0.017446599821562714]}, "4": {"nrmse": [0.01735071214210326]}, "5": {"nrmse": [0.01731982737905003]}, "6": {"nrmse": [0.017281300120870847]}, "7": {"nrmse": [0.017231782334948886]}, "8": {"nrmse": [0.017151347782826114]}, "9": {"nrmse": [0.01709183046042747]}, "10": {"nrmse": [0.017063566466034994]}, "11": {"nrmse": [0.01704205439171649]}, "12": {"nrmse": [0.01702198497849858]}, "13": {"nrmse": [0.016994965176202824]}, "14": {"nrmse": [0.01694515695263069]}, "15": {"nrmse": [0.01693478056712971]}, "16": {"nrmse": [0.016935162545180054]}, "17": {"nrmse": [0.01693204686924943]}, "18": {"nrmse": [0.016934498179281828]}, "19": {"nrmse": [0.016941167142521366]}, "20": {"nrmse": [0.016944309927022772]}, "21": {"nrmse": [0.016934588949085633]}, "22": {"nrmse": [0.01691907082999055]}, "23": {"nrmse": [0.016884706192173717]}, "24": {"nrmse": [0.016846280212034416]}, "25": {"nrmse": [0.0167968650134648]}, "26": {"nrmse": [0.0167586588772406]}, "27": {"nrmse": [0.016729333664867157]}, "28": {"nrmse": [0.016700189837518923]}, "29": {"nrmse": [0.016658390474575496]}, "30": {"nrmse": [0.016629491253915683]}, "31": {"nrmse": [0.01660391334032748]}, "32": {"nrmse": [0.01657605391605201]}, "33": {"nrmse": [0.01654826599334537]}, "34": {"nrmse": [0.016522470508945633]}, "35": {"nrmse": [0.01649846423559509]}, "36": {"nrmse": [0.01647766889926764]}, "37": {"nrmse": [0.016441734231429795]}, "38": {"nrmse": [0.01641328613834554]}, "39": {"nrmse": [0.016384973089388626]}, "40": {"nrmse": [0.01634505392318199]}, "41": {"nrmse": [0.01630815222276016]}, "42": {"nrmse": [0.01626894451053736]}, "43": {"nrmse": [0.016230100985997895]}, "44": {"nrmse": [0.01618770784072525]}, "45": {"nrmse": [0.016147977068747574]}, "46": {"nrmse": [0.016103654855929603]}, "47": {"nrmse": [0.0160520770226943]}, "48": {"nrmse": [0.01599700802880699]}, "49": {"nrmse": [0.015944859507663754]}, "50": {"nrmse": [0.015902800364835136]}, "51": {"nrmse": [0.015857732857122945]}, "52": {"nrmse": [0.015812030210859716]}, "53": {"nrmse": [0.015769411467830712]}, "54": {"nrmse": [0.015719137413047573]}, "55": {"nrmse": [0.01567031319965911]}, "56": {"nrmse": [0.015623193582463665]}, "57": {"nrmse": [0.01558491402841043]}, "58": {"nrmse": [0.015546217744765127]}, "59": {"nrmse": [0.015506216816902554]}, "60": {"nrmse": [0.015464544857913496]}}}