{"state_names": ["r"], "scores_per_horizon": {"1": {"nrmse": [0.018178861741133274]}, "2": {"nrmse": [0.017968390620159546]}, "3": {"nrmse": [0.01781360814187431]}, "4": {"nrmse": [0.017716101231424558]}, "5": {"nrmse": [0.0176849225476987]}, "6": {"nrmse": [0.017645597675928822]}, "7": {"nrmse": [0.01759519048847111]}, "8": {"nrmse": [0.0175133279238678]}, "9": {"nrmse": [0.017453307273156252]}, "10": {"nrmse": [0.01742460187371938]}, "11": {"nrmse": [0.017402507632916925]}, "12": {"nrmse": [0.017382119819849523]}, "13": {"nrmse": [0.01735513067933456]}, "14": {"nrmse": [0.017304934852516156]}, "15": {"nrmse": [0.01729465233501913]}, "16": {"nrmse": [0.017295036096503055]}, "17": {"nrmse": [0.01729233284229129]}, "18": {"nrmse": [0.017295306867203358]}, "19": {"nrmse": [0.01730238627778964]}, "20": {"nrmse": [0.017305998621547813]}, "21": {"nrmse": [0.017297221320671574]}, "22": {"nrmse": [0.0172824367215069]}, "23": {"nrmse": [0.017248546384115247]}, "24": {"nrmse": [0.017210269422164946]}, "25": {"nrmse": [0.01716125314833063]}, "26": {"nrmse": [0.01712370224681]}, "27": {"nrmse": [0.01709521058238198]}, "28": {"nrmse": [0.017066935405840877]}, "29": {"nrmse": [0.01702570604365341]}, "30": {"nrmse": [0.01699754041065605]}, "31": {"nrmse": [0.016972749026979306]}, "32": {"nrmse": [0.016945484211965664]}, "33": {"nrmse": [0.016917938576939365]}, "34": {"nrmse": [0.01689249661722686]}, "35": {"nrmse": [0.016868900234516173]}, "36": {"nrmse": [0.0168483808077255]}, "37": {"nrmse": [0.016812526342921217]}, "38": {"nrmse": [0.0167843254641177]}, "39": {"nrmse": [0.01675615090051216]}, "40": {"nrmse": [0.01671613983000822]}, "41": {"nrmse": [0.016679075647063654]}, "42": {"nrmse": [0.01663986247577516]}, "43": {"nrmse": [0.01660097279370727]}, "44": {"nrmse": [0.016558609788652076]}, "45": {"nrmse": [0.01651882503763934]}, "46": {"nrmse": [0.01647416307734628]}, "47": {"nrmse": [0.01642207158469559]}, "48": {"nrmse": [0.01636634707161004]}, "49": {"nrmse": [0.016313602380944224]}, "50": {"nrmse": [0.01627109534097802]}, "51": {"nrmse": [0.016225419926083916]}, "52": {"nrmse": [0.01617917608356498]}, "53": {"nrmse": [0.016136006837569983]}, "54": {"nrmse": [0.01608504307682291]}, "55": {"nrmse": [0.0160357016565307]}, "56": {"nrmse": [0.01598790446587716]}, "57": {"nrmse": [0.01594911100390039]}, "58": {"nrmse": [0.015909863132140614]}, "59": {"nrmse": [0.01586917668836282]}, "60": {"nrmse": [0.01582669637534703]}}}