{"state_names": ["r"], "scores_per_horizon": {"1": {"nrmse": [0.018126549761007745]}, "2": {"nrmse": [0.017917676864540825]}, "3": {"nrmse": [0.017763930157816996]}, "4": {"nrmse": [0.01766748106538667]}, "5": {"nrmse": [0.017636571348754307]}, "6": {"nrmse": [0.017597457650610646]}, "7": {"nrmse": [0.017547541865140515]}, "8": {"nrmse": [0.017466556834628062]}, "9": {"nrmse": [0.01740724187423541]}, "10": {"nrmse": [0.017379041670547334]}, "11": {"nrmse": [0.01735745637327263]}, "12": {"nrmse": [0.017337590233349923]}, "13": {"nrmse": [0.017310926227457984]}, "14": {"nrmse": [0.017261089156614444]}, "15": {"nrmse": [0.01725098601202126]}, "16": {"nrmse": [0.017251588702642994]}, "17": {"nrmse": [0.017249031477275318]}, "18": {"nrmse": [0.017252090471406935]}, "19": {"nrmse": [0.01725927418397903]}, "20": {"nrmse": [0.01726299757728049]}, "21": {"nrmse": [0.0172543836185103]}, "22": {"nrmse": [0.01723977550478066]}, "23": {"nrmse": [0.017206129820197598]}, "24": {"nrmse": [0.017168157671581117]}, "25": {"nrmse": [0.017119416983433597]}, "26": {"nrmse": [0.017082142311292937]}, "27": {"nrmse": [0.017053832795970374]}, "28": {"nrmse": [0.017025795944907482]}, "29": {"nrmse": [0.016984801803272418]}, "30": {"nrmse": [0.016956827252344993]}, "31": {"nrmse": [0.01693222553673023]}, "32": {"nrmse": [0.016905143665546445]}, "33": {"nrmse": [0.016877759687351793]}, "34": {"nrmse": [0.016852474595667116]}, "35": {"nrmse": [0.01682900018838364]}, "36": {"nrmse": [0.016808649020292662]}, "37": {"nrmse": [0.01677298994626597]}, "38": {"nrmse": [0.016744995756532058]}, "39": {"nrmse": [0.016717014855330024]}, "40": {"nrmse": [0.016677189293613722]}, "41": {"nrmse": [0.016640285809538455]}, "42": {"nrmse": [0.01660121107562209]}, "43": {"nrmse": [0.016562470666662568]}, "44": {"nrmse": [0.016520268466353346]}, "45": {"nrmse": [0.016480652052930884]}, "46": {"nrmse": [0.016436232139022303]}, "47": {"nrmse": [0.0163844201704047]}, "48": {"nrmse": [0.016328995729461483]}, "49": {"nrmse": [0.016276559615389274]}, "50": {"nrmse": [0.016234321016252808]}, "51": {"nrmse": [0.016188920613378267]}, "52": {"nrmse": [0.016142978061055635]}, "53": {"nrmse": [0.016100090661248227]}, "54": {"nrmse": [0.016049440562006613]}, "55": {"nrmse": [0.016000386586718953]}, "56": {"nrmse": [0.015952881222314638]}, "57": {"nrmse": [0.015914352570242624]}, "58": {"nrmse": [0.015875374735848165]}, "59": {"nrmse": [0.015834968080163225]}, "60": {"nrmse": [0.015792753633887196]}}}