{"state_names": ["r"], "scores_per_horizon": {"1": {"nrmse": [0.005185775327082163]}, "2": {"nrmse": [0.005177060482785612]}, "3": {"nrmse": [0.005181312571612431]}, "4": {"nrmse": [0.005177146667794749]}, "5": {"nrmse": [0.00518039642113495]}, "6": {"nrmse": [0.005176361870663163]}, "7": {"nrmse": [0.005176605350232745]}, "8": {"nrmse": [0.005178128999462923]}, "9": {"nrmse": [0.00517697867332335]}, "10": {"nrmse": [0.0051774522829438185]}, "11": {"nrmse": [0.005180503422739704]}, "12": {"nrmse": [0.005184930423963887]}, "13": {"nrmse": [0.005190072372916129]}, "14": {"nrmse": [0.005192650934928358]}, "15": {"nrmse": [0.0051942618988595575]}, "16": {"nrmse": [0.005195032819021919]}, "17": {"nrmse": [0.0051978519109796735]}, "18": {"nrmse": [0.005201070030024392]}, "19": {"nrmse": [0.00520225438888663]}, "20": {"nrmse": [0.005201947296507249]}, "21": {"nrmse": [0.005200553242962427]}, "22": {"nrmse": [0.005201298717737934]}, "23": {"nrmse": [0.005201389218545847]}, "24": {"nrmse": [0.005201807985823019]}, "25": {"nrmse": [0.0052028173537347604]}, "26": {"nrmse": [0.005203766741819993]}, "27": {"nrmse": [0.005206125687635945]}, "28": {"nrmse": [0.005210018818633368]}, "29": {"nrmse": [0.005214856583455668]}, "30": {"nrmse": [0.00521937796282941]}, "31": {"nrmse": [0.005224489491136333]}, "32": {"nrmse": [0.005229182485538908]}, "33": {"nrmse": [0.005232631364849816]}, "34": {"nrmse": [0.005235777505651245]}, "35": {"nrmse": [0.0052396159760906]}, "36": {"nrmse": [0.005243820685159799]}, "37": {"nrmse": [0.005247622162283574]}, "38": {"nrmse": [0.005251744209091525]}, "39": {"nrmse": [0.005255396141310164]}, "40": {"nrmse": [0.0052588806506924995]}, "41": {"nrmse": [0.0053222070935099505]}, "42": {"nrmse": [0.005382052464283423]}, "43": {"nrmse": [0.005438643717979846]}, "44": {"nrmse": [0.00549356559066837]}, "45": {"nrmse": [0.005545846827117146]}, "46": {"nrmse": [0.0055954021023086956]}, "47": {"nrmse": [0.005640946645801957]}, "48": {"nrmse": [0.005684624956562882]}, "49": {"nrmse": [0.005726619531082525]}, "50": {"nrmse": [0.005765759571092975]}, "51": {"nrmse": [0.005803711365309519]}, "52": {"nrmse": [0.00583963040223662]}, "53": {"nrmse": [0.005873826311438512]}, "54": {"nrmse": [0.005906765363400527]}, "55": {"nrmse": [0.005938750189014871]}, "56": {"nrmse": [0.005969566350004615]}, "57": {"nrmse": [0.005998438664097837]}, "58": {"nrmse": [0.006025217831451199]}, "59": {"nrmse": [0.006051086625399858]}, "60": {"nrmse": [0.006075541692681591]}}}