{"state_names": ["r"], "scores_per_horizon": {"1": {"nrmse": [0.005131190878704905]}, "2": {"nrmse": [0.0051508234326071555]}, "3": {"nrmse": [0.005163337029661404]}, "4": {"nrmse": [0.005162849614104894]}, "5": {"nrmse": [0.0051680460342577875]}, "6": {"nrmse": [0.005165201233994206]}, "7": {"nrmse": [0.005166296442329718]}, "8": {"nrmse": [0.005168477063647269]}, "9": {"nrmse": [0.005167793732225987]}, "10": {"nrmse": [0.0051686104300146495]}, "11": {"nrmse": [0.005171956091530325]}, "12": {"nrmse": [0.005176617357246386]}, "13": {"nrmse": [0.005181970204755985]}, "14": {"nrmse": [0.005184718782062695]}, "15": {"nrmse": [0.005186470582937967]}, "16": {"nrmse": [0.00518736457600279]}, "17": {"nrmse": [0.005190310590218904]}, "18": {"nrmse": [0.005193647587010497]}, "19": {"nrmse": [0.005194925306348132]}, "20": {"nrmse": [0.005194703385369412]}, "21": {"nrmse": [0.0051933533805091255]}, "22": {"nrmse": [0.005194122772799859]}, "23": {"nrmse": [0.005194235385483605]}, "24": {"nrmse": [0.005194710721907693]}, "25": {"nrmse": [0.0051957602386840575]}, "26": {"nrmse": [0.005196744279487128]}, "27": {"nrmse": [0.005199142291798547]}, "28": {"nrmse": [0.005203081001997448]}, "29": {"nrmse": [0.005207956214303367]}, "30": {"nrmse": [0.00521250432814751]}, "31": {"nrmse": [0.005217665998947964]}, "32": {"nrmse": [0.005222413913043186]}, "33": {"nrmse": [0.005225905919947986]}, "34": {"nrmse": [0.005229097600568603]}, "35": {"nrmse": [0.005232976569979203]}, "36": {"nrmse": [0.005237222561632789]}, "37": {"nrmse": [0.005241069458856464]}, "38": {"nrmse": [0.005245237343695249]}, "39": {"nrmse": [0.005248943488337983]}, "40": {"nrmse": [0.005252480262691656]}, "41": {"nrmse": [0.0053160414906292825]}, "42": {"nrmse": [0.005376104950512615]}, "43": {"nrmse": [0.005432899306432763]}, "44": {"nrmse": [0.005488013026433057]}, "45": {"nrmse": [0.005540473934240758]}, "46": {"nrmse": [0.005590197545878042]}, "47": {"nrmse": [0.005635897536062714]}, "48": {"nrmse": [0.005679722688826163]}, "49": {"nrmse": [0.005721856173197342]}, "50": {"nrmse": [0.005761126026773284]}, "51": {"nrmse": [0.005799201482733127]}, "52": {"nrmse": [0.00583523721080504]}, "53": {"nrmse": [0.005869543607421901]}, "54": {"nrmse": [0.005902587892333238]}, "55": {"nrmse": [0.005934673442520189]}, "56": {"nrmse": [0.005965585705237424]}, "57": {"nrmse": [0.005994548768237903]}, "58": {"nrmse": [0.006021413416037586]}, "59": {"nrmse": [0.006047364115876209]}, "60": {"nrmse": [0.006071896910814434]}}}