{"state_names": ["r"], "scores_per_horizon": {"1": {"nrmse": [0.0051996362052549655]}, "2": {"nrmse": [0.00517916970605072]}, "3": {"nrmse": [0.005178855559131221]}, "4": {"nrmse": [0.0051723108333044596]}, "5": {"nrmse": [0.005173858763505232]}, "6": {"nrmse": [0.0051685608817703226]}, "7": {"nrmse": [0.005167868032160111]}, "8": {"nrmse": [0.005168608861300268]}, "9": {"nrmse": [0.005166804941481869]}, "10": {"nrmse": [0.005166756808026864]}, "11": {"nrmse": [0.005169398633451839]}, "12": {"nrmse": [0.005173505497046362]}, "13": {"nrmse": [0.005178396085204516]}, "14": {"nrmse": [0.005180737615635285]}, "15": {"nrmse": [0.005182167073320389]}, "16": {"nrmse": [0.005182771762804619]}, "17": {"nrmse": [0.005185449493151338]}, "18": {"nrmse": [0.005188553418579965]}, "19": {"nrmse": [0.005189622251422813]}, "20": {"nrmse": [0.005189199510545307]}, "21": {"nrmse": [0.005187690036107524]}, "22": {"nrmse": [0.0051883041835611545]}, "23": {"nrmse": [0.005188287036275718]}, "24": {"nrmse": [0.0051886462083792695]}, "25": {"nrmse": [0.00518961042385681]}, "26": {"nrmse": [0.005190520839475262]}, "27": {"nrmse": [0.0051928267163707355]}, "28": {"nrmse": [0.005196699436553027]}, "29": {"nrmse": [0.005201526534850122]}, "30": {"nrmse": [0.0052060444122390085]}, "31": {"nrmse": [0.005211168278558208]}, "32": {"nrmse": [0.0052158776574300824]}, "33": {"nrmse": [0.005219333594455961]}, "34": {"nrmse": [0.00522250227400495]}, "35": {"nrmse": [0.005226356500962329]}, "36": {"nrmse": [0.005230581252466572]}, "37": {"nrmse": [0.005234410756143293]}, "38": {"nrmse": [0.0052385620957965985]}, "39": {"nrmse": [0.005242223369177864]}, "40": {"nrmse": [0.005245711975798367]}, "41": {"nrmse": [0.005309521878675209]}, "42": {"nrmse": [0.00536981629612474]}, "43": {"nrmse": [0.005426825709921528]}, "44": {"nrmse": [0.005482142546473133]}, "45": {"nrmse": [0.005534793658433603]}, "46": {"nrmse": [0.005584695456394441]}, "47": {"nrmse": [0.005630559972789407]}, "48": {"nrmse": [0.005674540531316012]}, "49": {"nrmse": [0.005716821015169176]}, "50": {"nrmse": [0.0057562282317132315]}, "51": {"nrmse": [0.0057944345323349715]}, "52": {"nrmse": [0.005830593721556703]}, "53": {"nrmse": [0.005865017008668679]}, "54": {"nrmse": [0.005898172618964077]}, "55": {"nrmse": [0.005930364719666384]}, "56": {"nrmse": [0.005961378637658178]}, "57": {"nrmse": [0.005990437689114552]}, "58": {"nrmse": [0.006017392748559072]}, "59": {"nrmse": [0.006043430075803974]}, "60": {"nrmse": [0.006068045075832684]}}}